model,result
no_gen.pth,4.258846282958984
with_gen.pth,3.3335204124450684
with_gen.pth,3.618095874786377with_transposed_dataset.pth,4.289449214935303
with_transposed_dataset.pth,3.4067065715789795
with_partially_transposed_dataset.pth,2.9923133850097656
no_big_images.pth,2.9110374450683594
triangle_special_sort.pth,2.156951665878296
